{
  "f1": 0.8981481481481481,
  "precision": 0.97,
  "recall": 0.8362068965517241
}
